config,model,n_folds,accuracy_mean,accuracy_sd,balanced_accuracy_mean,balanced_accuracy_sd,macro_f1_mean,macro_f1_sd
rna,lr,25,0.8850704818009679,0.021893034240713146,0.7653133569949719,0.06922164459770443,0.7847387940327912,0.07216268682125228
rna,xgb,25,0.8196002524721229,0.03683308696570987,0.6837556994971902,0.06285837395380485,0.6984222737451071,0.06368469302319937
meth,lr,25,0.7913949084788554,0.030254824782797632,0.6943288435374149,0.06525845749719128,0.7213283494177581,0.06298245315237684
meth,xgb,25,0.7394613928045446,0.028362966069664323,0.586324495711328,0.06797105783437404,0.6088864384274755,0.08128967960041936
mut,lr,25,0.608184304649695,0.024347184363577773,0.3815834841762792,0.02358874401575816,0.35052033574330044,0.030002515391423994
mut,xgb,25,0.5358047548916474,0.0348908557320654,0.3882495119787045,0.061520098167459826,0.38308050087337003,0.059159792026469774
clin,lr,25,0.6343530401851462,0.03143119750442667,0.4307217036379769,0.04891019011561854,0.40708260487289977,0.049145993218879115
clin,xgb,25,0.6421165579633916,0.03264609906234976,0.42775264123040524,0.04804994327664941,0.4028993113003235,0.05101989787910589
meth+mut,lr,25,0.7726109825373448,0.029101558578444545,0.6852596450754216,0.06563147601953843,0.7016492489884644,0.06351834971182291
meth+mut,xgb,25,0.7419314117399538,0.02613572601330586,0.5892897308488613,0.07185527639008919,0.6099013766887312,0.08796310324344511
rna+meth+mut,lr,25,0.8552072375341888,0.03430104778441369,0.7477462289263531,0.09024692443965812,0.7601544147041863,0.09076154003449483
rna+meth+mut,xgb,25,0.8036524300441826,0.028242497609235053,0.6734823661638568,0.06623283919960002,0.6933704846907888,0.07231594854267996
all,lr,25,0.8601178203240059,0.026621837567490935,0.7566926826382727,0.0661602570442406,0.7698967880721347,0.0688559831629015
all,xgb,25,0.8073511466442247,0.03579612571813477,0.6834488967761017,0.05529278553326533,0.708459681798624,0.06118300587318872
all,rf,25,0.7595034714916895,0.03064232404541687,0.5644438095238096,0.06441103623675275,0.5863954739070175,0.0843645946323818
